image_id,site,pair_id,side,kd_b02,water_trans,contrast,signal_strength,cleanliness,nearest_isobath_distance_m,nearest_isobath_depth_m,dist_to_isobath_10m,dist_to_isobath_20m,dist_to_isobath_30m,dist_to_isobath_50m,dist_to_isobath_100m,bathy_zone_class,bathy_slope_proxy,contour_density_proxy,n_isobaths_aoi
pedra_do_alto_pair0,pedra_do_alto,0,A,0.05426,0.17616,0.5149,64.98,15000.0,100.3,10.0,100.3,1723.5,3557.1,inf,inf,very_shallow,5.0,1245616.92,125
albufeira_reef_pair0,albufeira_reef,0,B,0.04914,0.20756,0.5449,54.6,10860.9,180.7,10.0,180.7,2260.0,4183.9,inf,inf,very_shallow,0.0,1245616.92,125
pedra_do_alto_pair1,pedra_do_alto,1,A,0.04157,0.2644,0.5374,83.39,15000.0,100.3,10.0,100.3,1723.5,3557.1,inf,inf,very_shallow,5.0,1245616.92,125
gale_spot_pair1,gale_spot,1,B,0.06599,0.12103,0.5432,54.67,9262.8,919.8,20.0,951.4,919.8,2773.5,inf,inf,nearshore_mid,5.0,1245616.92,125
pedra_do_alto_pair2,pedra_do_alto,2,A,0.04952,0.20501,0.5426,81.35,15000.0,100.3,10.0,100.3,1723.5,3557.1,inf,inf,very_shallow,5.0,1245616.92,125
east_reef_pair2,east_reef,2,B,0.06449,0.12699,0.6175,43.4,11106.3,306.1,20.0,2369.9,306.1,683.1,1592.2,inf,shallow_reef,0.0,1744837.06,171
pedra_do_alto_pair3,pedra_do_alto,3,A,0.05337,0.18124,0.6208,50.7,11259.6,100.3,10.0,100.3,1723.5,3557.1,inf,inf,very_shallow,5.0,1245616.92,125
target_main_pair3,target_main,3,B,0.05994,0.14688,0.5749,34.03,8333.0,1017.2,10.0,1017.2,1076.2,2970.5,inf,inf,nearshore_mid,5.0,1245616.92,125
pedra_do_alto_pair4,pedra_do_alto,4,A,0.04342,0.2492,0.5183,69.78,15000.0,100.3,10.0,100.3,1723.5,3557.1,inf,inf,very_shallow,5.0,1245616.92,125
albufeira_north_pair4,albufeira_north,4,B,0.05589,0.16719,0.4995,45.27,7998.0,329.5,10.0,329.5,2623.7,4344.8,inf,inf,nearshore_mid,0.0,1245616.92,125
pedra_do_alto_pair5,pedra_do_alto,5,A,0.04039,0.27457,0.5695,82.92,15000.0,100.3,10.0,100.3,1723.5,3557.1,inf,inf,very_shallow,5.0,1245616.92,125
albufeira_west_pair5,albufeira_west,5,B,0.06622,0.12013,0.6001,50.4,9561.9,783.5,20.0,2621.5,783.5,2218.7,inf,inf,nearshore_mid,0.0,1245616.92,125
pedra_do_alto_pair6,pedra_do_alto,6,A,0.04545,0.23355,0.5805,66.81,13814.8,100.3,10.0,100.3,1723.5,3557.1,inf,inf,very_shallow,5.0,1245616.92,125
olhos_de_agua_pair6,olhos_de_agua,6,B,0.11872,0.02239,0.5187,9.58,1000.0,4663.7,10.0,4663.7,inf,inf,inf,inf,offshore,0.0,566934.2,55
pedra_do_alto_pair7,pedra_do_alto,7,A,0.045,0.23692,0.5676,89.37,15000.0,100.3,10.0,100.3,1723.5,3557.1,inf,inf,very_shallow,5.0,1245616.92,125
faro_east_pair7,faro_east,7,B,0.05691,0.16182,0.5962,22.62,3533.2,inf,,inf,inf,inf,inf,inf,unknown,0.0,0.0,0
pedra_do_alto_pair8,pedra_do_alto,8,A,0.04677,0.22389,0.596,64.6,15000.0,100.3,10.0,100.3,1723.5,3557.1,inf,inf,very_shallow,5.0,1245616.92,125
tavira_pair8,tavira,8,B,0.05816,0.15551,0.5694,52.72,12543.9,1187.5,10.0,1187.5,1431.9,1754.8,2188.7,inf,nearshore_mid,0.0,1744837.06,171
pedra_do_alto_pair9,pedra_do_alto,9,A,0.0428,0.25417,0.6397,62.03,14140.7,100.3,10.0,100.3,1723.5,3557.1,inf,inf,very_shallow,5.0,1245616.92,125
sagres_pair9,sagres,9,B,0.08316,0.06987,0.5549,22.02,2835.0,295.9,50.0,inf,inf,inf,295.9,inf,offshore,0.0,499220.14,46
pedra_do_alto_pair10,pedra_do_alto,10,A,0.04734,0.21986,0.6768,51.35,15000.0,100.3,10.0,100.3,1723.5,3557.1,inf,inf,very_shallow,5.0,1245616.92,125
vilamoura_pair10,vilamoura,10,B,0.06292,0.13351,0.4933,41.62,5915.2,1249.0,10.0,1249.0,5045.4,inf,inf,inf,nearshore_mid,0.0,928633.58,93
pedra_do_alto_pair11,pedra_do_alto,11,A,0.04851,0.21178,0.4921,65.16,15000.0,100.3,10.0,100.3,1723.5,3557.1,inf,inf,very_shallow,5.0,1245616.92,125
alvor_pair11,alvor,11,B,0.05094,0.1959,0.5516,26.56,3822.6,inf,,inf,inf,inf,inf,inf,unknown,0.0,0.0,0
pedra_do_alto_pair12,pedra_do_alto,12,A,0.04201,0.26075,0.5536,56.17,13143.6,100.3,10.0,100.3,1723.5,3557.1,inf,inf,very_shallow,5.0,1245616.92,125
sagres_south_pair12,sagres_south,12,B,0.11365,0.02634,0.4878,17.28,2016.7,2715.5,100.0,inf,inf,inf,3308.0,2715.5,offshore,0.0,1032276.46,85
pedra_do_alto_pair13,pedra_do_alto,13,A,0.04065,0.27231,0.6217,60.37,15000.0,100.3,10.0,100.3,1723.5,3557.1,inf,inf,very_shallow,5.0,1245616.92,125
vila_real_sto_antonio_pair13,vila_real_sto_antonio,13,B,0.07118,0.10251,0.556,33.89,6014.3,748.0,20.0,5302.2,748.0,924.4,3502.4,inf,nearshore_mid,0.0,1744837.06,171
albufeira_reef_pair14,albufeira_reef,14,A,0.05309,0.18291,0.5591,87.1,15000.0,180.7,10.0,180.7,2260.0,4183.9,inf,inf,very_shallow,0.0,1245616.92,125
gale_spot_pair14,gale_spot,14,B,0.06273,0.13433,0.5881,30.57,7147.6,919.8,20.0,951.4,919.8,2773.5,inf,inf,nearshore_mid,5.0,1245616.92,125
albufeira_reef_pair15,albufeira_reef,15,A,0.05027,0.20019,0.5203,54.27,14129.0,180.7,10.0,180.7,2260.0,4183.9,inf,inf,very_shallow,0.0,1245616.92,125
east_reef_pair15,east_reef,15,B,0.05577,0.16784,0.5593,59.28,13433.4,306.1,20.0,2369.9,306.1,683.1,1592.2,inf,shallow_reef,0.0,1744837.06,171
albufeira_reef_pair16,albufeira_reef,16,A,0.05177,0.19079,0.5184,58.09,15000.0,180.7,10.0,180.7,2260.0,4183.9,inf,inf,very_shallow,0.0,1245616.92,125
target_main_pair16,target_main,16,B,0.05632,0.16493,0.5763,42.07,10113.6,1017.2,10.0,1017.2,1076.2,2970.5,inf,inf,nearshore_mid,5.0,1245616.92,125
albufeira_reef_pair17,albufeira_reef,17,A,0.05228,0.18766,0.5677,62.43,14342.0,180.7,10.0,180.7,2260.0,4183.9,inf,inf,very_shallow,0.0,1245616.92,125
albufeira_north_pair17,albufeira_north,17,B,0.06784,0.11406,0.5131,52.57,11812.4,329.5,10.0,329.5,2623.7,4344.8,inf,inf,nearshore_mid,0.0,1245616.92,125
albufeira_reef_pair18,albufeira_reef,18,A,0.05021,0.20052,0.6424,51.93,15000.0,180.7,10.0,180.7,2260.0,4183.9,inf,inf,very_shallow,0.0,1245616.92,125
albufeira_west_pair18,albufeira_west,18,B,0.06436,0.12751,0.5663,40.02,7807.6,783.5,20.0,2621.5,783.5,2218.7,inf,inf,nearshore_mid,0.0,1245616.92,125
albufeira_reef_pair19,albufeira_reef,19,A,0.05049,0.19875,0.6112,70.88,15000.0,180.7,10.0,180.7,2260.0,4183.9,inf,inf,very_shallow,0.0,1245616.92,125
olhos_de_agua_pair19,olhos_de_agua,19,B,0.09034,0.05553,0.4778,14.04,1857.6,4663.7,10.0,4663.7,inf,inf,inf,inf,offshore,0.0,566934.2,55
albufeira_reef_pair20,albufeira_reef,20,A,0.04959,0.20457,0.5758,61.01,15000.0,180.7,10.0,180.7,2260.0,4183.9,inf,inf,very_shallow,0.0,1245616.92,125
faro_east_pair20,faro_east,20,B,0.07051,0.10472,0.5718,27.71,5021.3,inf,,inf,inf,inf,inf,inf,unknown,0.0,0.0,0
albufeira_reef_pair21,albufeira_reef,21,A,0.04555,0.23277,0.5852,51.84,11175.7,180.7,10.0,180.7,2260.0,4183.9,inf,inf,very_shallow,0.0,1245616.92,125
tavira_pair21,tavira,21,B,0.06518,0.12422,0.4855,43.61,7474.7,1187.5,10.0,1187.5,1431.9,1754.8,2188.7,inf,nearshore_mid,0.0,1744837.06,171
albufeira_reef_pair22,albufeira_reef,22,A,0.04311,0.25173,0.5611,58.1,11728.6,180.7,10.0,180.7,2260.0,4183.9,inf,inf,very_shallow,0.0,1245616.92,125
sagres_pair22,sagres,22,B,0.11797,0.02294,0.4978,19.16,2579.7,295.9,50.0,inf,inf,inf,295.9,inf,offshore,0.0,499220.14,46
albufeira_reef_pair23,albufeira_reef,23,A,0.04761,0.21796,0.6027,75.9,15000.0,180.7,10.0,180.7,2260.0,4183.9,inf,inf,very_shallow,0.0,1245616.92,125
vilamoura_pair23,vilamoura,23,B,0.06012,0.14605,0.5655,39.99,6666.4,1249.0,10.0,1249.0,5045.4,inf,inf,inf,nearshore_mid,0.0,928633.58,93
albufeira_reef_pair24,albufeira_reef,24,A,0.04237,0.25777,0.5596,56.12,15000.0,180.7,10.0,180.7,2260.0,4183.9,inf,inf,very_shallow,0.0,1245616.92,125
alvor_pair24,alvor,24,B,0.05987,0.14722,0.5453,26.03,3770.6,inf,,inf,inf,inf,inf,inf,unknown,0.0,0.0,0
albufeira_reef_pair25,albufeira_reef,25,A,0.05183,0.19042,0.5567,85.44,15000.0,180.7,10.0,180.7,2260.0,4183.9,inf,inf,very_shallow,0.0,1245616.92,125
sagres_south_pair25,sagres_south,25,B,0.10459,0.0352,0.5162,18.31,1700.0,2715.5,100.0,inf,inf,inf,3308.0,2715.5,offshore,0.0,1032276.46,85
albufeira_reef_pair26,albufeira_reef,26,A,0.04911,0.20774,0.5125,78.78,15000.0,180.7,10.0,180.7,2260.0,4183.9,inf,inf,very_shallow,0.0,1245616.92,125
vila_real_sto_antonio_pair26,vila_real_sto_antonio,26,B,0.05881,0.15228,0.5744,31.86,7653.9,748.0,20.0,5302.2,748.0,924.4,3502.4,inf,nearshore_mid,0.0,1744837.06,171
gale_spot_pair27,gale_spot,27,A,0.07319,0.09613,0.5526,31.44,7297.9,919.8,20.0,951.4,919.8,2773.5,inf,inf,nearshore_mid,5.0,1245616.92,125
east_reef_pair27,east_reef,27,B,0.0644,0.12733,0.5984,65.11,14184.9,306.1,20.0,2369.9,306.1,683.1,1592.2,inf,shallow_reef,0.0,1744837.06,171
gale_spot_pair28,gale_spot,28,A,0.06634,0.11967,0.5473,46.97,8066.4,919.8,20.0,951.4,919.8,2773.5,inf,inf,nearshore_mid,5.0,1245616.92,125
target_main_pair28,target_main,28,B,0.06476,0.12589,0.4624,45.17,10528.0,1017.2,10.0,1017.2,1076.2,2970.5,inf,inf,nearshore_mid,5.0,1245616.92,125
gale_spot_pair29,gale_spot,29,A,0.06057,0.14397,0.5753,41.3,7689.2,919.8,20.0,951.4,919.8,2773.5,inf,inf,nearshore_mid,5.0,1245616.92,125
albufeira_north_pair29,albufeira_north,29,B,0.06641,0.11941,0.5739,40.49,5662.1,329.5,10.0,329.5,2623.7,4344.8,inf,inf,nearshore_mid,0.0,1245616.92,125
gale_spot_pair30,gale_spot,30,A,0.06852,0.11162,0.572,42.93,7363.3,919.8,20.0,951.4,919.8,2773.5,inf,inf,nearshore_mid,5.0,1245616.92,125
albufeira_west_pair30,albufeira_west,30,B,0.05848,0.15389,0.5776,37.96,5941.3,783.5,20.0,2621.5,783.5,2218.7,inf,inf,nearshore_mid,0.0,1245616.92,125
gale_spot_pair31,gale_spot,31,A,0.05957,0.14866,0.514,29.44,6799.4,919.8,20.0,951.4,919.8,2773.5,inf,inf,nearshore_mid,5.0,1245616.92,125
olhos_de_agua_pair31,olhos_de_agua,31,B,0.09001,0.05612,0.5268,9.42,1202.8,4663.7,10.0,4663.7,inf,inf,inf,inf,offshore,0.0,566934.2,55
gale_spot_pair32,gale_spot,32,A,0.07409,0.09341,0.59,25.26,4776.1,919.8,20.0,951.4,919.8,2773.5,inf,inf,nearshore_mid,5.0,1245616.92,125
faro_east_pair32,faro_east,32,B,0.07264,0.09782,0.5054,24.88,4261.6,inf,,inf,inf,inf,inf,inf,unknown,0.0,0.0,0
gale_spot_pair33,gale_spot,33,A,0.05569,0.1683,0.5867,32.01,6541.6,919.8,20.0,951.4,919.8,2773.5,inf,inf,nearshore_mid,5.0,1245616.92,125
tavira_pair33,tavira,33,B,0.06483,0.12562,0.5799,43.34,9462.7,1187.5,10.0,1187.5,1431.9,1754.8,2188.7,inf,nearshore_mid,0.0,1744837.06,171
gale_spot_pair34,gale_spot,34,A,0.06817,0.11288,0.6236,28.48,5139.4,919.8,20.0,951.4,919.8,2773.5,inf,inf,nearshore_mid,5.0,1245616.92,125
sagres_pair34,sagres,34,B,0.08261,0.07111,0.4906,18.41,1858.6,295.9,50.0,inf,inf,inf,295.9,inf,offshore,0.0,499220.14,46
gale_spot_pair35,gale_spot,35,A,0.06781,0.1142,0.5483,36.25,8977.8,919.8,20.0,951.4,919.8,2773.5,inf,inf,nearshore_mid,5.0,1245616.92,125
vilamoura_pair35,vilamoura,35,B,0.05648,0.1641,0.5134,50.56,12195.3,1249.0,10.0,1249.0,5045.4,inf,inf,inf,nearshore_mid,0.0,928633.58,93
gale_spot_pair36,gale_spot,36,A,0.07237,0.09867,0.6189,29.55,7234.4,919.8,20.0,951.4,919.8,2773.5,inf,inf,nearshore_mid,5.0,1245616.92,125
alvor_pair36,alvor,36,B,0.07108,0.10283,0.6222,25.88,4049.5,inf,,inf,inf,inf,inf,inf,unknown,0.0,0.0,0
gale_spot_pair37,gale_spot,37,A,0.06197,0.13763,0.4436,36.26,8888.0,919.8,20.0,951.4,919.8,2773.5,inf,inf,nearshore_mid,5.0,1245616.92,125
sagres_south_pair37,sagres_south,37,B,0.08847,0.05895,0.5185,15.67,1380.1,2715.5,100.0,inf,inf,inf,3308.0,2715.5,offshore,0.0,1032276.46,85
gale_spot_pair38,gale_spot,38,A,0.06658,0.11876,0.5599,53.28,7638.1,919.8,20.0,951.4,919.8,2773.5,inf,inf,nearshore_mid,5.0,1245616.92,125
vila_real_sto_antonio_pair38,vila_real_sto_antonio,38,B,0.06496,0.1251,0.5846,50.44,8088.5,748.0,20.0,5302.2,748.0,924.4,3502.4,inf,nearshore_mid,0.0,1744837.06,171
east_reef_pair39,east_reef,39,A,0.05526,0.17062,0.4343,60.34,14583.9,306.1,20.0,2369.9,306.1,683.1,1592.2,inf,shallow_reef,0.0,1744837.06,171
target_main_pair39,target_main,39,B,0.05922,0.15033,0.5741,28.34,4640.9,1017.2,10.0,1017.2,1076.2,2970.5,inf,inf,nearshore_mid,5.0,1245616.92,125
east_reef_pair40,east_reef,40,A,0.05904,0.15116,0.4495,44.71,8620.0,306.1,20.0,2369.9,306.1,683.1,1592.2,inf,shallow_reef,0.0,1744837.06,171
albufeira_north_pair40,albufeira_north,40,B,0.06072,0.14325,0.6442,45.89,7482.6,329.5,10.0,329.5,2623.7,4344.8,inf,inf,nearshore_mid,0.0,1245616.92,125
east_reef_pair41,east_reef,41,A,0.05991,0.14703,0.4473,43.18,10137.5,306.1,20.0,2369.9,306.1,683.1,1592.2,inf,shallow_reef,0.0,1744837.06,171
albufeira_west_pair41,albufeira_west,41,B,0.05615,0.16583,0.568,40.2,8439.4,783.5,20.0,2621.5,783.5,2218.7,inf,inf,nearshore_mid,0.0,1245616.92,125
east_reef_pair42,east_reef,42,A,0.04756,0.21827,0.6035,43.16,7306.2,306.1,20.0,2369.9,306.1,683.1,1592.2,inf,shallow_reef,0.0,1744837.06,171
olhos_de_agua_pair42,olhos_de_agua,42,B,0.0768,0.08564,0.5487,16.91,1440.6,4663.7,10.0,4663.7,inf,inf,inf,inf,offshore,0.0,566934.2,55
east_reef_pair43,east_reef,43,A,0.05026,0.20021,0.6388,66.0,11565.7,306.1,20.0,2369.9,306.1,683.1,1592.2,inf,shallow_reef,0.0,1744837.06,171
faro_east_pair43,faro_east,43,B,0.05805,0.15606,0.6124,37.12,6511.0,inf,,inf,inf,inf,inf,inf,unknown,0.0,0.0,0
east_reef_pair44,east_reef,44,A,0.05123,0.1941,0.5768,44.25,10283.3,306.1,20.0,2369.9,306.1,683.1,1592.2,inf,shallow_reef,0.0,1744837.06,171
tavira_pair44,tavira,44,B,0.07396,0.09378,0.6069,44.5,8095.4,1187.5,10.0,1187.5,1431.9,1754.8,2188.7,inf,nearshore_mid,0.0,1744837.06,171
east_reef_pair45,east_reef,45,A,0.05262,0.18564,0.6063,63.43,15000.0,306.1,20.0,2369.9,306.1,683.1,1592.2,inf,shallow_reef,0.0,1744837.06,171
sagres_pair45,sagres,45,B,0.08083,0.07527,0.5206,15.13,1216.6,295.9,50.0,inf,inf,inf,295.9,inf,offshore,0.0,499220.14,46
east_reef_pair46,east_reef,46,A,0.05396,0.17789,0.5882,64.34,15000.0,306.1,20.0,2369.9,306.1,683.1,1592.2,inf,shallow_reef,0.0,1744837.06,171
alvor_pair46,alvor,46,B,0.05983,0.1474,0.5767,39.84,5372.2,inf,,inf,inf,inf,inf,inf,unknown,0.0,0.0,0
east_reef_pair47,east_reef,47,A,0.04796,0.21549,0.5636,44.6,8309.1,306.1,20.0,2369.9,306.1,683.1,1592.2,inf,shallow_reef,0.0,1744837.06,171
sagres_south_pair47,sagres_south,47,B,0.07898,0.07986,0.5318,24.05,2820.7,2715.5,100.0,inf,inf,inf,3308.0,2715.5,offshore,0.0,1032276.46,85
east_reef_pair48,east_reef,48,A,0.0591,0.15087,0.5507,62.48,12573.8,306.1,20.0,2369.9,306.1,683.1,1592.2,inf,shallow_reef,0.0,1744837.06,171
vila_real_sto_antonio_pair48,vila_real_sto_antonio,48,B,0.07006,0.10624,0.5166,39.73,9765.5,748.0,20.0,5302.2,748.0,924.4,3502.4,inf,nearshore_mid,0.0,1744837.06,171
target_main_pair49,target_main,49,A,0.05717,0.16048,0.533,47.44,6480.6,1017.2,10.0,1017.2,1076.2,2970.5,inf,inf,nearshore_mid,5.0,1245616.92,125
albufeira_north_pair49,albufeira_north,49,B,0.06545,0.12315,0.6324,52.52,7433.6,329.5,10.0,329.5,2623.7,4344.8,inf,inf,nearshore_mid,0.0,1245616.92,125
target_main_pair50,target_main,50,A,0.06616,0.12039,0.5259,52.06,11102.2,1017.2,10.0,1017.2,1076.2,2970.5,inf,inf,nearshore_mid,5.0,1245616.92,125
albufeira_west_pair50,albufeira_west,50,B,0.0618,0.13841,0.6396,47.13,9014.9,783.5,20.0,2621.5,783.5,2218.7,inf,inf,nearshore_mid,0.0,1245616.92,125
target_main_pair51,target_main,51,A,0.07282,0.09728,0.5661,27.8,5345.4,1017.2,10.0,1017.2,1076.2,2970.5,inf,inf,nearshore_mid,5.0,1245616.92,125
olhos_de_agua_pair51,olhos_de_agua,51,B,0.07509,0.09045,0.5477,12.81,1369.9,4663.7,10.0,4663.7,inf,inf,inf,inf,offshore,0.0,566934.2,55
target_main_pair52,target_main,52,A,0.06738,0.11578,0.5044,39.94,6853.4,1017.2,10.0,1017.2,1076.2,2970.5,inf,inf,nearshore_mid,5.0,1245616.92,125
faro_east_pair52,faro_east,52,B,0.06899,0.10996,0.5635,31.0,3675.2,inf,,inf,inf,inf,inf,inf,unknown,0.0,0.0,0
target_main_pair53,target_main,53,A,0.05781,0.15727,0.5688,42.26,6551.4,1017.2,10.0,1017.2,1076.2,2970.5,inf,inf,nearshore_mid,5.0,1245616.92,125
tavira_pair53,tavira,53,B,0.07459,0.0919,0.5322,51.44,12224.8,1187.5,10.0,1187.5,1431.9,1754.8,2188.7,inf,nearshore_mid,0.0,1744837.06,171
target_main_pair54,target_main,54,A,0.06016,0.14586,0.6024,52.26,12499.2,1017.2,10.0,1017.2,1076.2,2970.5,inf,inf,nearshore_mid,5.0,1245616.92,125
sagres_pair54,sagres,54,B,0.08296,0.07033,0.5448,21.09,1962.6,295.9,50.0,inf,inf,inf,295.9,inf,offshore,0.0,499220.14,46
target_main_pair55,target_main,55,A,0.06987,0.10689,0.4832,53.46,7537.3,1017.2,10.0,1017.2,1076.2,2970.5,inf,inf,nearshore_mid,5.0,1245616.92,125
vilamoura_pair55,vilamoura,55,B,0.06558,0.12262,0.5488,29.43,5717.2,1249.0,10.0,1249.0,5045.4,inf,inf,inf,nearshore_mid,0.0,928633.58,93
target_main_pair56,target_main,56,A,0.06761,0.11492,0.5729,40.23,8718.7,1017.2,10.0,1017.2,1076.2,2970.5,inf,inf,nearshore_mid,5.0,1245616.92,125
alvor_pair56,alvor,56,B,0.07763,0.08339,0.4911,39.57,5248.6,inf,,inf,inf,inf,inf,inf,unknown,0.0,0.0,0
target_main_pair57,target_main,57,A,0.06618,0.1203,0.545,34.41,5753.3,1017.2,10.0,1017.2,1076.2,2970.5,inf,inf,nearshore_mid,5.0,1245616.92,125
vila_real_sto_antonio_pair57,vila_real_sto_antonio,57,B,0.0667,0.1183,0.5913,48.92,8166.2,748.0,20.0,5302.2,748.0,924.4,3502.4,inf,nearshore_mid,0.0,1744837.06,171
albufeira_north_pair58,albufeira_north,58,A,0.0581,0.1558,0.6439,27.89,5698.1,329.5,10.0,329.5,2623.7,4344.8,inf,inf,nearshore_mid,0.0,1245616.92,125
albufeira_west_pair58,albufeira_west,58,B,0.05893,0.15172,0.4706,48.67,7526.7,783.5,20.0,2621.5,783.5,2218.7,inf,inf,nearshore_mid,0.0,1245616.92,125
albufeira_north_pair59,albufeira_north,59,A,0.06147,0.13988,0.5867,50.0,9047.4,329.5,10.0,329.5,2623.7,4344.8,inf,inf,nearshore_mid,0.0,1245616.92,125
olhos_de_agua_pair59,olhos_de_agua,59,B,0.0908,0.05471,0.5133,23.99,2344.4,4663.7,10.0,4663.7,inf,inf,inf,inf,offshore,0.0,566934.2,55
albufeira_north_pair60,albufeira_north,60,A,0.07012,0.10607,0.593,34.63,8284.5,329.5,10.0,329.5,2623.7,4344.8,inf,inf,nearshore_mid,0.0,1245616.92,125
faro_east_pair60,faro_east,60,B,0.06422,0.12808,0.5962,40.67,6502.0,inf,,inf,inf,inf,inf,inf,unknown,0.0,0.0,0
albufeira_north_pair61,albufeira_north,61,A,0.06113,0.14138,0.5538,35.71,6036.9,329.5,10.0,329.5,2623.7,4344.8,inf,inf,nearshore_mid,0.0,1245616.92,125
tavira_pair61,tavira,61,B,0.06732,0.116,0.5222,49.79,12096.2,1187.5,10.0,1187.5,1431.9,1754.8,2188.7,inf,nearshore_mid,0.0,1744837.06,171
albufeira_north_pair62,albufeira_north,62,A,0.07155,0.10132,0.6221,33.93,7670.4,329.5,10.0,329.5,2623.7,4344.8,inf,inf,nearshore_mid,0.0,1245616.92,125
sagres_pair62,sagres,62,B,0.08243,0.07152,0.5287,23.27,2220.6,295.9,50.0,inf,inf,inf,295.9,inf,offshore,0.0,499220.14,46
albufeira_north_pair63,albufeira_north,63,A,0.06542,0.12327,0.5961,42.93,7100.4,329.5,10.0,329.5,2623.7,4344.8,inf,inf,nearshore_mid,0.0,1245616.92,125
vilamoura_pair63,vilamoura,63,B,0.07315,0.09625,0.5361,45.09,9678.0,1249.0,10.0,1249.0,5045.4,inf,inf,inf,nearshore_mid,0.0,928633.58,93
albufeira_north_pair64,albufeira_north,64,A,0.05954,0.14879,0.6874,26.58,4469.4,329.5,10.0,329.5,2623.7,4344.8,inf,inf,nearshore_mid,0.0,1245616.92,125
alvor_pair64,alvor,64,B,0.07653,0.08637,0.5075,39.73,6905.6,inf,,inf,inf,inf,inf,inf,unknown,0.0,0.0,0
albufeira_north_pair65,albufeira_north,65,A,0.05749,0.15886,0.6136,29.48,5127.1,329.5,10.0,329.5,2623.7,4344.8,inf,inf,nearshore_mid,0.0,1245616.92,125
sagres_south_pair65,sagres_south,65,B,0.10691,0.03267,0.6035,9.59,1019.9,2715.5,100.0,inf,inf,inf,3308.0,2715.5,offshore,0.0,1032276.46,85
albufeira_north_pair66,albufeira_north,66,A,0.07293,0.09694,0.5429,38.8,6159.5,329.5,10.0,329.5,2623.7,4344.8,inf,inf,nearshore_mid,0.0,1245616.92,125
vila_real_sto_antonio_pair66,vila_real_sto_antonio,66,B,0.06032,0.14511,0.5546,49.06,9876.2,748.0,20.0,5302.2,748.0,924.4,3502.4,inf,nearshore_mid,0.0,1744837.06,171
albufeira_west_pair67,albufeira_west,67,A,0.05925,0.15016,0.5775,35.72,6277.2,783.5,20.0,2621.5,783.5,2218.7,inf,inf,nearshore_mid,0.0,1245616.92,125
olhos_de_agua_pair67,olhos_de_agua,67,B,0.11036,0.02926,0.482,16.55,1679.8,4663.7,10.0,4663.7,inf,inf,inf,inf,offshore,0.0,566934.2,55
albufeira_west_pair68,albufeira_west,68,A,0.05577,0.16787,0.5971,40.74,9124.1,783.5,20.0,2621.5,783.5,2218.7,inf,inf,nearshore_mid,0.0,1245616.92,125
faro_east_pair68,faro_east,68,B,0.05872,0.15276,0.533,48.51,9773.5,inf,,inf,inf,inf,inf,inf,unknown,0.0,0.0,0
albufeira_west_pair69,albufeira_west,69,A,0.05691,0.16187,0.4423,41.88,9113.7,783.5,20.0,2621.5,783.5,2218.7,inf,inf,nearshore_mid,0.0,1245616.92,125
tavira_pair69,tavira,69,B,0.05728,0.15993,0.5025,40.72,8276.7,1187.5,10.0,1187.5,1431.9,1754.8,2188.7,inf,nearshore_mid,0.0,1744837.06,171
albufeira_west_pair70,albufeira_west,70,A,0.05626,0.16526,0.5971,51.3,7721.8,783.5,20.0,2621.5,783.5,2218.7,inf,inf,nearshore_mid,0.0,1245616.92,125
sagres_pair70,sagres,70,B,0.11517,0.02509,0.451,22.0,2848.0,295.9,50.0,inf,inf,inf,295.9,inf,offshore,0.0,499220.14,46
albufeira_west_pair71,albufeira_west,71,A,0.06511,0.12451,0.5261,27.05,6770.4,783.5,20.0,2621.5,783.5,2218.7,inf,inf,nearshore_mid,0.0,1245616.92,125
vilamoura_pair71,vilamoura,71,B,0.0653,0.12373,0.4846,28.92,5281.1,1249.0,10.0,1249.0,5045.4,inf,inf,inf,nearshore_mid,0.0,928633.58,93
albufeira_west_pair72,albufeira_west,72,A,0.06851,0.11166,0.5652,41.28,8139.7,783.5,20.0,2621.5,783.5,2218.7,inf,inf,nearshore_mid,0.0,1245616.92,125
alvor_pair72,alvor,72,B,0.0665,0.11909,0.5999,32.6,3996.2,inf,,inf,inf,inf,inf,inf,unknown,0.0,0.0,0
albufeira_west_pair73,albufeira_west,73,A,0.07079,0.10379,0.5874,40.36,8156.4,783.5,20.0,2621.5,783.5,2218.7,inf,inf,nearshore_mid,0.0,1245616.92,125
sagres_south_pair73,sagres_south,73,B,0.09201,0.05265,0.6743,15.19,1930.4,2715.5,100.0,inf,inf,inf,3308.0,2715.5,offshore,0.0,1032276.46,85
albufeira_west_pair74,albufeira_west,74,A,0.06754,0.11516,0.5852,47.35,10091.6,783.5,20.0,2621.5,783.5,2218.7,inf,inf,nearshore_mid,0.0,1245616.92,125
vila_real_sto_antonio_pair74,vila_real_sto_antonio,74,B,0.06011,0.14609,0.5241,41.25,6302.2,748.0,20.0,5302.2,748.0,924.4,3502.4,inf,nearshore_mid,0.0,1744837.06,171
olhos_de_agua_pair75,olhos_de_agua,75,A,0.09147,0.05356,0.4289,20.87,2090.8,4663.7,10.0,4663.7,inf,inf,inf,inf,offshore,0.0,566934.2,55
faro_east_pair75,faro_east,75,B,0.06989,0.10682,0.664,32.06,4966.6,inf,,inf,inf,inf,inf,inf,unknown,0.0,0.0,0
olhos_de_agua_pair76,olhos_de_agua,76,A,0.10733,0.03224,0.6098,24.45,2679.3,4663.7,10.0,4663.7,inf,inf,inf,inf,offshore,0.0,566934.2,55
tavira_pair76,tavira,76,B,0.05696,0.16157,0.6588,51.62,9174.5,1187.5,10.0,1187.5,1431.9,1754.8,2188.7,inf,nearshore_mid,0.0,1744837.06,171
olhos_de_agua_pair77,olhos_de_agua,77,A,0.10101,0.03947,0.5173,19.72,1511.3,4663.7,10.0,4663.7,inf,inf,inf,inf,offshore,0.0,566934.2,55
sagres_pair77,sagres,77,B,0.11031,0.02931,0.5499,22.75,3071.9,295.9,50.0,inf,inf,inf,295.9,inf,offshore,0.0,499220.14,46
olhos_de_agua_pair78,olhos_de_agua,78,A,0.11815,0.0228,0.504,18.37,1706.0,4663.7,10.0,4663.7,inf,inf,inf,inf,offshore,0.0,566934.2,55
vilamoura_pair78,vilamoura,78,B,0.07464,0.09177,0.5304,44.64,8182.7,1249.0,10.0,1249.0,5045.4,inf,inf,inf,nearshore_mid,0.0,928633.58,93
olhos_de_agua_pair79,olhos_de_agua,79,A,0.08519,0.06547,0.6011,24.11,2674.9,4663.7,10.0,4663.7,inf,inf,inf,inf,offshore,0.0,566934.2,55
alvor_pair79,alvor,79,B,0.07244,0.09847,0.5697,23.42,4121.3,inf,,inf,inf,inf,inf,inf,unknown,0.0,0.0,0
olhos_de_agua_pair80,olhos_de_agua,80,A,0.08688,0.06202,0.6211,11.81,1595.4,4663.7,10.0,4663.7,inf,inf,inf,inf,offshore,0.0,566934.2,55
sagres_south_pair80,sagres_south,80,B,0.0835,0.06911,0.5438,22.41,2283.8,2715.5,100.0,inf,inf,inf,3308.0,2715.5,offshore,0.0,1032276.46,85
olhos_de_agua_pair81,olhos_de_agua,81,A,0.09215,0.0524,0.4923,23.82,2749.2,4663.7,10.0,4663.7,inf,inf,inf,inf,offshore,0.0,566934.2,55
vila_real_sto_antonio_pair81,vila_real_sto_antonio,81,B,0.06622,0.12015,0.4666,53.81,13579.5,748.0,20.0,5302.2,748.0,924.4,3502.4,inf,nearshore_mid,0.0,1744837.06,171
faro_east_pair82,faro_east,82,A,0.06455,0.12676,0.5986,32.82,3939.3,inf,,inf,inf,inf,inf,inf,unknown,0.0,0.0,0
tavira_pair82,tavira,82,B,0.06232,0.13612,0.6227,40.09,7570.2,1187.5,10.0,1187.5,1431.9,1754.8,2188.7,inf,nearshore_mid,0.0,1744837.06,171
faro_east_pair83,faro_east,83,A,0.07424,0.09295,0.4794,23.33,2852.5,inf,,inf,inf,inf,inf,inf,unknown,0.0,0.0,0
sagres_pair83,sagres,83,B,0.09022,0.05575,0.4484,22.34,2793.8,295.9,50.0,inf,inf,inf,295.9,inf,offshore,0.0,499220.14,46
faro_east_pair84,faro_east,84,A,0.05909,0.15096,0.5099,23.0,4439.1,inf,,inf,inf,inf,inf,inf,unknown,0.0,0.0,0
vilamoura_pair84,vilamoura,84,B,0.06886,0.11043,0.5797,48.44,12107.8,1249.0,10.0,1249.0,5045.4,inf,inf,inf,nearshore_mid,0.0,928633.58,93
faro_east_pair85,faro_east,85,A,0.07735,0.08414,0.4946,26.99,3253.3,inf,,inf,inf,inf,inf,inf,unknown,0.0,0.0,0
alvor_pair85,alvor,85,B,0.07757,0.08355,0.6042,26.55,5549.5,inf,,inf,inf,inf,inf,inf,unknown,0.0,0.0,0
faro_east_pair86,faro_east,86,A,0.06067,0.14349,0.4816,21.45,4408.8,inf,,inf,inf,inf,inf,inf,unknown,0.0,0.0,0
sagres_south_pair86,sagres_south,86,B,0.09703,0.04483,0.4857,10.62,1000.0,2715.5,100.0,inf,inf,inf,3308.0,2715.5,offshore,0.0,1032276.46,85
faro_east_pair87,faro_east,87,A,0.07339,0.09552,0.5045,21.07,3863.4,inf,,inf,inf,inf,inf,inf,unknown,0.0,0.0,0
vila_real_sto_antonio_pair87,vila_real_sto_antonio,87,B,0.07087,0.10354,0.5782,28.11,4730.5,748.0,20.0,5302.2,748.0,924.4,3502.4,inf,nearshore_mid,0.0,1744837.06,171
tavira_pair88,tavira,88,A,0.05798,0.15641,0.5726,35.03,7464.6,1187.5,10.0,1187.5,1431.9,1754.8,2188.7,inf,nearshore_mid,0.0,1744837.06,171
sagres_pair88,sagres,88,B,0.08743,0.06095,0.5458,8.23,1000.0,295.9,50.0,inf,inf,inf,295.9,inf,offshore,0.0,499220.14,46
tavira_pair89,tavira,89,A,0.06247,0.13545,0.5185,35.8,7572.6,1187.5,10.0,1187.5,1431.9,1754.8,2188.7,inf,nearshore_mid,0.0,1744837.06,171
vilamoura_pair89,vilamoura,89,B,0.07429,0.09281,0.5556,41.4,5960.2,1249.0,10.0,1249.0,5045.4,inf,inf,inf,nearshore_mid,0.0,928633.58,93
tavira_pair90,tavira,90,A,0.06871,0.11096,0.5295,40.78,9553.9,1187.5,10.0,1187.5,1431.9,1754.8,2188.7,inf,nearshore_mid,0.0,1744837.06,171
alvor_pair90,alvor,90,B,0.07365,0.09472,0.5576,44.46,9019.6,inf,,inf,inf,inf,inf,inf,unknown,0.0,0.0,0
tavira_pair91,tavira,91,A,0.06374,0.13007,0.62,39.44,5495.1,1187.5,10.0,1187.5,1431.9,1754.8,2188.7,inf,nearshore_mid,0.0,1744837.06,171
sagres_south_pair91,sagres_south,91,B,0.09908,0.04198,0.5805,12.97,1140.8,2715.5,100.0,inf,inf,inf,3308.0,2715.5,offshore,0.0,1032276.46,85
tavira_pair92,tavira,92,A,0.0619,0.13797,0.5058,51.85,11233.1,1187.5,10.0,1187.5,1431.9,1754.8,2188.7,inf,nearshore_mid,0.0,1744837.06,171
vila_real_sto_antonio_pair92,vila_real_sto_antonio,92,B,0.06661,0.11865,0.4969,28.82,6100.5,748.0,20.0,5302.2,748.0,924.4,3502.4,inf,nearshore_mid,0.0,1744837.06,171
sagres_pair93,sagres,93,A,0.09938,0.04158,0.4779,15.2,1777.1,295.9,50.0,inf,inf,inf,295.9,inf,offshore,0.0,499220.14,46
vilamoura_pair93,vilamoura,93,B,0.06977,0.10724,0.5824,27.91,6026.4,1249.0,10.0,1249.0,5045.4,inf,inf,inf,nearshore_mid,0.0,928633.58,93
sagres_pair94,sagres,94,A,0.1147,0.02546,0.5315,18.73,1681.5,295.9,50.0,inf,inf,inf,295.9,inf,offshore,0.0,499220.14,46
alvor_pair94,alvor,94,B,0.06753,0.11523,0.5927,43.44,6853.2,inf,,inf,inf,inf,inf,inf,unknown,0.0,0.0,0
sagres_pair95,sagres,95,A,0.09058,0.05511,0.4559,13.56,1120.4,295.9,50.0,inf,inf,inf,295.9,inf,offshore,0.0,499220.14,46
sagres_south_pair95,sagres_south,95,B,0.11515,0.0251,0.496,10.54,1162.0,2715.5,100.0,inf,inf,inf,3308.0,2715.5,offshore,0.0,1032276.46,85
sagres_pair96,sagres,96,A,0.08644,0.0629,0.5626,8.53,1116.8,295.9,50.0,inf,inf,inf,295.9,inf,offshore,0.0,499220.14,46
vila_real_sto_antonio_pair96,vila_real_sto_antonio,96,B,0.06545,0.12313,0.5397,52.92,7704.2,748.0,20.0,5302.2,748.0,924.4,3502.4,inf,nearshore_mid,0.0,1744837.06,171
vilamoura_pair97,vilamoura,97,A,0.07121,0.1024,0.5174,27.34,4100.4,1249.0,10.0,1249.0,5045.4,inf,inf,inf,nearshore_mid,0.0,928633.58,93
alvor_pair97,alvor,97,B,0.05716,0.16055,0.5448,49.63,5801.3,inf,,inf,inf,inf,inf,inf,unknown,0.0,0.0,0
vilamoura_pair98,vilamoura,98,A,0.06031,0.14518,0.5621,26.96,5911.4,1249.0,10.0,1249.0,5045.4,inf,inf,inf,nearshore_mid,0.0,928633.58,93
sagres_south_pair98,sagres_south,98,B,0.08084,0.07525,0.5534,13.27,1265.1,2715.5,100.0,inf,inf,inf,3308.0,2715.5,offshore,0.0,1032276.46,85
vilamoura_pair99,vilamoura,99,A,0.06361,0.13062,0.5138,33.81,7714.2,1249.0,10.0,1249.0,5045.4,inf,inf,inf,nearshore_mid,0.0,928633.58,93
vila_real_sto_antonio_pair99,vila_real_sto_antonio,99,B,0.06657,0.11882,0.4812,43.45,6770.7,748.0,20.0,5302.2,748.0,924.4,3502.4,inf,nearshore_mid,0.0,1744837.06,171
alvor_pair100,alvor,100,A,0.05166,0.19148,0.4862,40.54,7281.5,inf,,inf,inf,inf,inf,inf,unknown,0.0,0.0,0
sagres_south_pair100,sagres_south,100,B,0.11019,0.02942,0.4586,11.53,1288.3,2715.5,100.0,inf,inf,inf,3308.0,2715.5,offshore,0.0,1032276.46,85
alvor_pair101,alvor,101,A,0.05298,0.18354,0.5387,28.72,4025.2,inf,,inf,inf,inf,inf,inf,unknown,0.0,0.0,0
vila_real_sto_antonio_pair101,vila_real_sto_antonio,101,B,0.05725,0.16009,0.5266,52.21,7738.7,748.0,20.0,5302.2,748.0,924.4,3502.4,inf,nearshore_mid,0.0,1744837.06,171
sagres_south_pair102,sagres_south,102,A,0.11606,0.02438,0.5874,16.15,1890.0,2715.5,100.0,inf,inf,inf,3308.0,2715.5,offshore,0.0,1032276.46,85
vila_real_sto_antonio_pair102,vila_real_sto_antonio,102,B,0.07315,0.09625,0.5496,35.99,8411.0,748.0,20.0,5302.2,748.0,924.4,3502.4,inf,nearshore_mid,0.0,1744837.06,171
